Account Statement - (@george),,,,,,,,,,,,,,,,,,,,,
Account Activity,,,,,,,,,,,,,,,,,,,,,
,ID,Datetime,Type,Status,Note,From,To,Amount (total),Amount (tip),Amount (tax),Amount (fee),Tax Rate,Tax Exempt,Funding Source,Destination,Beginning Balance,Ending Balance,Statement Period Venmo Fees,Terminal Location,Year to Date Venmo Fees,Disclaimer
,,,,,,,,,,,,,,,,$476.43,,,,,
,111,2026-04-01T01:38:49,Payment,Complete,Dog sitter,George Tong,Serena Tong,- $400.00,,0,,0,,Venmo balance,,,,,Venmo,,
,222,2026-04-09T06:23:12,Charge,Complete,Movie tickets,George Tong,Spencer Chen,+ $22.42,,0,,0,,,Venmo balance,,,,Venmo,,
,333,2026-04-18T06:11:58,Standard Transfer,Issued,,,,"- $2,144.62",,,,,,,Wealthfront *2875,,,,Venmo,,
,444,2026-04-20T05:17:07,Payment,Pending,Pizza,Jeremy Chung,George Tong,+ $30.00,,0,,0,,,Venmo balance,,,,Venmo,,
,,,,,,,,,,,,,,,,,$225.00,$0.00,,$0.00,"Footer text
that should be ignored"
